Full Name,Email,Company Name,Title ,Phone,Country ,LinkedIn
Sarah Johnson,SARAH.JOHNSON@ACME-CORP.COM,ACME CORP,VP of Sales,(555) 123-4567,USA,https://linkedin.com/in/sarahjohnson
Sarah Johnson,sarah.johnson@acme-corp.com,acme corp,VP of Sales,555-123-4567,United States,linkedin.com/in/sarahjohnson
Michael Chen,michael.chen@techflow.io,TechFlow Solutions,CTO,+44 20 7123 4567,UK,https://www.linkedin.com/in/michaelchen
M. Chen,michael.chen@techflow.io,techflow solutions,,+442071234567,United Kingdom,
Jennifer Williams,jennifer.williams@globalventures.com,Global Ventures,Chief Marketing Officer,+1-555-234-5678,GB,https://linkedin.com/in/jenniferwilliams
David Kumar,david.kumar@pixelperfect.design,Pixel Perfect Design,Creative Director,07700 900123,U.K.,linkedin.com/in/davidkumar
Emily Rodriguez,emily.rodriguez@datamind.ai,DataMind Analytics,Head of AI,555.345.6789,USA,https://www.linkedin.com/in/emilyrodriguez
James Patterson,james.patterson@cloudscale.com,CloudScale,VP Engineering,(555) 456-7890,United States,
james patterson,james.patterson@cloudscale.com,CloudScale,VP Engineering,+1 555 456 7890,US,https://linkedin.com/in/jamespatterson
Lisa Thompson,lisa.thompson@nextgenmarketing.com,NextGen Marketing,Founder & CEO,+44 7700 900456,uk,
Robert Martinez,robert.martinez@innovatelabs.io,Innovate Labs,Product Manager,555-567-8901,United States,https://linkedin.com/in/robertmartinez
Amanda Foster,amanda.foster@summitconsult.com,Summit Consulting,Partner,+1 (555) 678-9012,US,linkedin.com/in/amandafoster
Daniel Lee,daniel.lee@brightfuture.tech,Bright Future Tech,Lead Developer,+44 20 7234 5678,United Kingdom,https://www.linkedin.com/in/daniellee
Daniel Lee,d.lee@brightfuture.tech,Bright Future Tech,Senior Developer,+442072345678,UK,
Rachel Green,rachel.green@quantum-sol.com,Quantum Solutions,COO,555-789-0123,USA,
Thomas Anderson,thomas.anderson@zenithpartners.co.uk,Zenith Partners,Managing Director,+44 7700 900789,GB,https://linkedin.com/in/thomasanderson
Sophie Turner,sophie.turner@apexdigital.com,Apex Digital,Marketing Manager,07700 900234,uk,linkedin.com/in/sophieturner
Christopher Wright,chris.wright@fusion-ent.com,Fusion Enterprises,Sales Director,+1-555-890-1234,United States,https://www.linkedin.com/in/christopherwright
Olivia Brown,olivia.brown@stellarsystems.io,Stellar Systems,Operations Manager,+44 20 7345 6789,U.K.,
Matthew Taylor,matthew.taylor@momentumgroup.com,Momentum Group,Principal Consultant,(555) 901-2345,USA,https://linkedin.com/in/matthewtaylor
Matthew Taylor,m.taylor@momentumgroup.com,Momentum Group,Principal Consultant,5559012345,US,https://www.linkedin.com/in/matthewtaylor
Emma Wilson,emma.wilson@velocity-labs.com,Velocity Labs,Product Designer,+44 7700 901234,United Kingdom,linkedin.com/in/emmawilson
Nathan Scott,nathan.scott@prismanalytics.ai,Prism Analytics,Data Scientist,555-012-3456,US,https://linkedin.com/in/nathanscott
Jessica Moore,jessica.moore@acme-corp.com,ACME CORP,Account Executive,+1 555 123 9999,USA,
Kevin Zhang,kevin.zhang@techflow.io,TechFlow Solutions,Senior Engineer,+44 20 7123 8888,UK,https://www.linkedin.com/in/kevinzhang
Test User,test@example.com,Test Company,Tester,123456789,USA,
info@acme-corp.com,,ACME CORP,,,USA,
Sarah Miller,sarah.miller,Global Ventures,HR Director,+1-555-111-2222,GB,linkedin.com/in/sarahmiller
,john.doe@cloudscale.com,CloudScale,DevOps Lead,555-222-3333,United States,
Alex Parker,alex.parker@innovatelabs.io,Innovate Labs,N/A,+1 555 333 4444,United States,https://linkedin.com/in/alexparker
Michelle Roberts,michelle.roberts@summitconsult.com,Summit Consulting,Senior Advisor,,US,linkedin.com/in/michelleroberts
Jordan Kim,jordan.kim@brightfuture.tech,Bright Future Tech,Junior Developer,+44 7700 902345,United Kingdom,
Victoria Hayes,victoria.hayes@zenithpartners.co.uk,Zenith Partners,Analyst,+447700903456,GB,https://www.linkedin.com/in/victoriahayes
Ryan Cooper,ryan.cooper@apexdigital.com,Apex Digital,,07700 904567,uk,linkedin.com/in/ryancooper
Lauren White,lauren.white@fusion-ent.com,Fusion Enterprises,Customer Success,+1 555 444 5555,United States,
Brandon Phillips,brandon.phillips@stellarsystems.io,Stellar Systems,IT Manager,+44 20 7456 7890,U.K.,https://linkedin.com/in/brandonphillips
Megan Turner,megan.turner@momentumgroup.com,Momentum Group,Business Analyst,(555) 555-6666,USA,
Hannah Davis,hannah.davis@velocity-labs.com,Velocity Labs,UX Researcher,+44 7700 905678,United Kingdom,https://www.linkedin.com/in/hannahdavis
Ethan Brooks,ethan.brooks@prismanalytics.ai,Prism Analytics,ML Engineer,555-666-7777,US,linkedin.com/in/ethanbrooks
Sophia Martinez,sophia.martinez@datamind.ai,DataMind Analytics,,+1 555 777 8888,USA,https://linkedin.com/in/sophiamartinez